Country,Region
USA,NorthAmerica
Germany,Europe
Japan,Asia
India,Asia
Brazil,SouthAmerica
France,Europe
Canada,NorthAmerica
Australia,Oceania
China,Asia
SouthAfrica,Africa
Russia,Europe
Mexico,NorthAmerica
UnitedKingdom,Europe
Italy,Europe
Nigeria,Africa
Argentina,SouthAmerica
Egypt,Africa
SouthKorea,Asia
Indonesia,Asia
Spain,Europe